Model,1st All-NBA Success,2nd All-NBA Success,3rd All-NBA Success,Non-All-NBA Success
Logistic Regression,0.923076923,0.717948718,0.512820513,0.981742739
Random Forest,0.871794872,0.743589744,0.384615385,0.990041494
GAM,0.974358974,0.820512821,0.58974359,0.976763485